{
 "ours_14000": {
  "SSIM": 0.7625134587287903,
  "PSNR": 29.91975212097168,
  "LPIPS-vgg": 0.35163527727127075,
  "LPIPS-alex": 0.24675986170768738,
  "MS-SSIM": 0.9240602254867554,
  "D-SSIM": 0.0379699245095253
 },
 "ours_12000": {
  "SSIM": 0.7600325345993042,
  "PSNR": 29.786012649536133,
  "LPIPS-vgg": 0.3552980422973633,
  "LPIPS-alex": 0.2501785159111023,
  "MS-SSIM": 0.9225009679794312,
  "D-SSIM": 0.03874951973557472
 },
 "ours_8000": {
  "SSIM": 0.746171236038208,
  "PSNR": 29.298095703125,
  "LPIPS-vgg": 0.37437868118286133,
  "LPIPS-alex": 0.26611360907554626,
  "MS-SSIM": 0.9149660468101501,
  "D-SSIM": 0.04251697659492493
 },
 "ours_6000": {
  "SSIM": 0.7309021949768066,
  "PSNR": 28.677087783813477,
  "LPIPS-vgg": 0.39020591974258423,
  "LPIPS-alex": 0.27859237790107727,
  "MS-SSIM": 0.9060024619102478,
  "D-SSIM": 0.04699874669313431
 },
 "ours_10000": {
  "SSIM": 0.7540937066078186,
  "PSNR": 29.498422622680664,
  "LPIPS-vgg": 0.36316969990730286,
  "LPIPS-alex": 0.25677821040153503,
  "MS-SSIM": 0.9190751910209656,
  "D-SSIM": 0.04046240076422691
 }
}